{
  "accuracy": 0.7350625,
  "precision": 0.39059732732249236,
  "recall": 0.8423611111111111,
  "f1": 0.5337146628533714,
  "roc_auc": 0.8558860253641599
}